"에너지원별(1)","에너지원별(2)",에너지원별(3),사업/자가구분별(1),2018,2018,2018,2018,2018,2018,2018,2018,2018,2018,2018,2018,2018,2018,2018,2018,2018,2018,2019,2019,2019,2019,2019,2019,2019,2019,2019,2019,2019,2019,2019,2019,2019,2019,2019,2019,2020,2020,2020,2020,2020,2020,2020,2020,2020,2020,2020,2020,2020,2020,2020,2020,2020,2020,2021,2021,2021,2021,2021,2021,2021,2021,2021,2021,2021,2021,2021,2021,2021,2021,2021,2021,2022,2022,2022,2022,2022,2022,2022,2022,2022,2022,2022,2022,2022,2022,2022,2022,2022,2022
"에너지원별(1)","에너지원별(2)",에너지원별(3),사업/자가구분별(1),전국,서울,부산,대구,인천,광주,대전,울산,세종,경기,강원,충북,충남,전북,전남,경북,경남,제주,전국,서울,부산,대구,인천,광주,대전,울산,세종,경기,강원,충북,충남,전북,전남,경북,경남,제주,전국,서울,부산,대구,인천,광주,대전,울산,세종,경기,강원,충북,충남,전북,전남,경북,경남,제주,전국,서울,부산,대구,인천,광주,대전,울산,세종,경기,강원,충북,충남,전북,전남,경북,경남,제주,전국,서울,부산,대구,인천,광주,대전,울산,세종,경기,강원,충북,충남,전북,전남,경북,경남,제주
"신·재생에너지 총보급용량①+②","소계",소계,계,19849205,221692,223380,127743,502134,172208,61488,758305,61463,1623084,1861941,1044164,2872568,2022758,3612554,2688326,1239030,756367,24152458,249395,245195,154032,573381,223755,79497,718525,71386,2016076,2143493,1304138,3531514,2687109,4323202,3322537,1509364,999859,25974393,300920,272169,175642,665790,254013,87852,686296,88700,2264681,2790734,1556798,3490584,3552676,4131527,2692118,1814024,1149868,30211816,319823,326898,209175,753565,288425,118855,729846,98190,2479508,3137151,1793419,3830611,4496324,4904258,3365898,2098932,1260939,33760433.8190818,353994.4551200001,361474.28275,246994.76275,757735.55175,350398.56375,131935.14375,741873.35675,110870.995,2784729.62275,3403244.38875,1999714.862961805,4083961.27975,5057942.60975,5674964.13375,3921475.49975,2435477.69325,1343646.61675
"신·재생에너지 총보급용량①+②","소계",소계,사업용,16107589,99896,162954,75036,447403,133098,24205,626606,43508,1320060,1761653,907468,2678435,1893698,2537728,1655084,1033885,706872,19441971,100577,174328,93954,506622,178442,30764,578649,50654,1642413,2016341,1125937,3297979,2525716,2950956,1966617,1264694,937329,23333870,139918,189729,107167,583232,200470,33824,602512,64565,1836457,2640237,1350128,3246591,3351777,3887561,2483679,1538694,1077327,27079125,144756,233499,130009,653134,226474,47003,641605,71567,1986532,2955728,1556223,3559483,4261144,4544221,3114826,1775399,1177522,30274916.868211802,148274.725,256835.44,157737.735,643991.655,275208.071,51983.725,644615.51,78314.325,2224125.8200000003,3197742.6629999997,1735318.916211805,3766434.185,4791409.944999999,5361144.54,3620680.034,2071622.234,1249477.345
"신·재생에너지 총보급용량①+②","소계",소계,자가용,3741616,121796,60426,52707,54731,39110,37283,131699,17955,303024,100288,136696,194133,129060,1074826,1033242,205144,49495,4710487,148818,70867,60078,66759,45313,48734,139876,20732,373663,127152,178201,233535,161393,1372246,1355920,244671,62530,2640522,161003,82440,68475,82559,53543,54028,83785,24135,428223,150496,206670,243993,200899,243965,208439,275330,72541,3132691,175067,93399,79166,100431,61951,71852,88241,26623,492977,181422,237196,271127,235180,360036,251073,323533,83417,3485516.95087,205719.7301200001,104638.84275,89257.02775,113743.89675,75190.49275,79951.41875,97257.84675,32556.67,560603.80275,205501.72575,264395.94675,317527.09475,266532.6647500001,313819.59375,300795.46575,363855.45925,94169.27175
"① 재생에너지","태양광",소계,계,8921313,142190,138727,95367,109335,166556,57017,64152,50898,686361,670364,499193,1019371,1448875,1768826,1056672,721121,226289,12745227,169899,161593,121653,138265,218132,70506,83380,60815,1017574,951630,758132,1617509,2107584,2447602,1494661,982280,344011,17356934,187628,187078,145122,166095,245100,78725,104614,72849,1302115,1311911,1017185,2201680,2905104,3640551,2037157,1282449,471570,21199351,206386,231316,178537,192138,279081,98584,127561,82339,1558219,1597886,1227443,2573951,3691749,4297536,2710825,1563167,582632,24369532.33287,239810.6551200001,270881.38275,216476.44275,216497.80175,320286.56375,111622.14375,140167.75675,94899.995,1830268.26275,1788838.38875,1414649.30675,2854217.67975,4238559.609750001,4989275.83375,3219463.49975,1799271.79325,624345.2167499999
"① 재생에너지","태양광",소계,사업용,7258762,32165,84338,51129,56994,127868,24106,30916,32948,418707,572004,367632,893146,1327898,1606005,921901,526741,184264,10673133,32846,96770,70047,72123,173232,29765,41959,40094,679710,826692,585453,1452590,1954271,2249497,1330724,748390,288971,14910942,36987,110771,83660,86053,192160,32825,59124,48725,911204,1163643,816224,1998902,2712482,3399217,1835326,1017155,406482,18338405,41825,144861,106292,95675,217849,39739,77477,55727,1102780,1418582,996016,2328968,3464849,4024215,2466483,1250391,506676,21051252.912,44743.725,173302.44,134020.735,105117.655,245843.071,44719.725,83287.51,62474.325,1292093.82,1584748.663,1153599.36,2567567.185,3975414.945,4677582.54,2925162.034,1444064.234,537510.945
"① 재생에너지","태양광",소계,자가용,1662551,110025,54390,44238,52340,38688,32911,33236,17950,267654,98360,131561,126226,120977,162821,134771,194380,42025,2072094,137053,64823,51606,66142,44900,40742,41421,20721,337865,124938,172679,164919,153313,198105,163937,233891,55040,2445992,150642,76307,61463,80042,52940,45900,45490,24124,390911,148267,200961,202778,192622,241334,201831,265293,65088,2860946,164561,86455,72245,96463,61232,58845,50084,26612,455439,179303,231428,244983,226900,273321,244343,312776,75956,3318279.42087,195066.9301200001,97578.94275,82455.70775,111380.14675,74443.49275,66902.41875,56880.24675,32425.67,538174.44275,204089.72575,261049.94675,286650.49475,263144.6647500001,311693.29375,294301.46575,355207.55925,86834.27175
"① 재생에너지","풍력",소계,계,1302598,101,812,13,49095,1,200,1657,-,5276,327281,8,2043,22818,312219,260841,49328,270906,1493868,101,812,13,49095,1,200,1657,-,5355,327321,14,2046,22815,329644,409341,49328,296126,1645407,104,812,13,49095,1,200,1657,-,5361,408351,14,2055,82824,329647,419405,46840,299029,1709116,105,791,13,49135,4,200,1660,-,5366,453971,38,2055,82827,347659,419415,46841,299037,1945960.53,104.8,790.9,13.32,49138,4,200,1659.6,-,5365.61,522351,38,2094.6,82530,427081.8,467115,87020.9,300453
"① 재생에너지","풍력",소계,사업용,1289354,-,758,-,49000,-,-,1650,-,5250,326300,-,2000,19800,310650,260450,48506,264990,1480555,-,758,-,49000,-,-,1650,-,5326,326300,-,2000,19800,328075,408950,48506,290190,1632055,-,758,-,49000,-,-,1650,-,5326,407250,-,2000,79800,328075,419000,46006,293190,1695655,-,758,-,49000,-,-,1650,-,5326,452850,-,2000,79800,346075,419000,46006,293190,1932395,-,758,-,49000,-,-,1650,-,5326,521200,-,2000,79500,425475,466700,86186,294600
"① 재생에너지","풍력",소계,자가용,13244,101,54,13,95,1,200,7,-,26,981,8,43,3018,1569,391,822,5916,13313,101,54,13,95,1,200,7,-,29,1021,14,46,3015,1569,391,822,5936,13352,104,54,13,95,1,200,7,-,35,1101,14,55,3024,1572,405,834,5839,13461,105,33,13,135,4,200,10,-,40,1121,38,55,3027,1584,415,835,5847,13565.53,104.8,32.9,13.32,138,4,200,9.6,-,39.61,1151,38,94.6,3030,1606.8,415,834.9,5853
"① 재생에너지","수력",소계,계,1797764,416,65,3560,12919,1830,100,300,2310,276885,519993,511607,32865,81005,36141,179955,137245,569,1809488,416,65,3560,12919,1830,100,300,2310,276894,519993,514007,32865,81005,36255,179955,146395,619,1807291,316,65,3560,12919,1830,100,300,2310,277028,520143,514007,32865,83037,36471,179965,141469,906,1821374,316,120,3560,12919,1830,100,300,2310,277028,520095,519007,40451,80037,36971,179955,145469,906,1813392.4,316,120,3560,12919,1830,100,300,2310,277028,520095,519007,32333,80037,37107,179955,145469,906.4
"① 재생에너지","수력",소계,사업용,1796325,416,10,3560,12599,1830,-,300,2310,276055,519993,511604,32829,81005,36141,179955,137239,479,1808048,416,10,3560,12599,1830,-,300,2310,276064,519993,514004,32829,81005,36255,179955,146389,529,1805777,316,10,3560,12599,1830,-,300,2310,276118,520143,514004,32829,83037,36471,179965,141469,816,1819805,316,10,3560,12599,1830,-,300,2310,276118,520095,519004,40415,80037,36971,179955,145469,816,1811823.4,316,10,3560,12599,1830,-,300,2310,276118,520095,519004,32297,80037,37107,179955,145469,816.4
"① 재생에너지","수력",소계,자가용,1439,-,55,-,320,-,100,-,-,830,-,3,36,-,-,-,6,90,1439,-,55,-,320,-,100,-,-,830,-,3,36,-,-,-,6,90,1514,-,55,-,320,-,100,-,-,910,-,3,36,-,-,-,-,90,1569,-,110,-,320,-,100,-,-,910,-,3,36,-,-,-,-,90,1569,-,110,-,320,-,100,-,-,910,-,3,36,-,-,-,-,90
"① 재생에너지","해양",소계,계,255000,-,-,-,-,-,-,-,-,254000,-,-,-,-,1000,-,-,-,255500,-,-,-,-,-,-,-,-,254000,-,-,-,-,1000,-,-,500,255500,-,-,-,-,-,-,-,-,254000,-,-,-,-,1000,-,-,500,255580,-,-,-,-,-,-,-,-,254000,-,-,-,-,1080,-,-,500,255580,-,-,-,-,-,-,-,-,254000,-,-,-,-,1080,-,-,500
"① 재생에너지","해양",소계,사업용,255000,-,-,-,-,-,-,-,-,254000,-,-,-,-,1000,-,-,-,255500,-,-,-,-,-,-,-,-,254000,-,-,-,-,1000,-,-,500,255500,-,-,-,-,-,-,-,-,254000,-,-,-,-,1000,-,-,500,255580,-,-,-,-,-,-,-,-,254000,-,-,-,-,1080,-,-,500,255580,-,-,-,-,-,-,-,-,254000,-,-,-,-,1080,-,-,500
"① 재생에너지","바이오",소계,계,3065271,10485,6348,11960,235260,2140,99,621430,5000,202044,329870,2340,586820,447997,21568,7050,317721,257139,3141235,10485,5290,11960,240630,2120,99,562430,5000,219329,329870,3185,588730,457875,22522,7050,317521,357139,3525835,8865,6690,10460,245230,2120,99,562430,5000,149624,520715,3380,833730,458873,27704,6850,326926,357139,3578983,8865,6690,10260,245230,2120,99,562430,5000,80123,520715,3380,793870,618873,30354,6850,326985,357139,3664456.4,8865,7290,10060,245230,2140,99,562430,5000,81004,523515,3500,770059.9999999999,618812.9999999999,36795.4,8600,384205,396850
"① 재생에너지","바이오",소계,사업용,3017171,6865,6348,8850,235260,2140,99,585000,5000,198714,329870,2140,586620,447937,21468,6450,317271,257139,3092366,6865,5290,8850,240630,2120,99,526000,5000,215899,329870,2635,588330,457815,22303,6450,317071,357139,3440259,6865,6690,8850,245230,2120,99,526000,5000,146194,520715,2540,793330,458813,27298,6450,326926,357139,3508257,6865,6690,8850,245230,2120,99,526000,5000,76693,520715,2540,768570,618813,29948,6450,326535,357139,3591765.4,6865,6690,8850,245230,2140,99,526000,5000,76943,523515,2660,744759.9999999999,618812.9999999999,36695.4,6450,384205,396850
"① 재생에너지","바이오",소계,자가용,48100,3620,-,3110,-,-,-,36430,-,3330,-,200,200,60,100,600,450,-,48869,3620,-,3110,-,-,-,36430,-,3430,-,550,400,60,219,600,450,-,85576,2000,-,1610,-,-,-,36430,-,3430,-,840,40400,60,406,400,-,-,70726,2000,-,1410,-,-,-,36430,-,3430,-,840,25300,60,406,400,450,-,72691,2000,600,1210,-,-,-,36430,-,4061,-,840,25300,-,100,2150,-,-
"① 재생에너지","바이오",바이오가스,계,60396,10485,2116,3110,6900,20,-,-,-,16104,1690,1445,2920,6012,859,1650,3896,3189,60945,10485,2116,3110,4300,-,-,-,-,16399,1690,2290,4830,6012,978,1650,3896,3189,61532,8865,3516,1610,4300,-,-,-,-,16894,2535,2580,4830,7010,1352,1450,3401,3189,61590,8865,3516,1410,4300,-,-,-,-,17393,2535,2580,5170,7010,712,1450,3460,3189,65816,8865,4116,1210,4300,20,-,-,-,18274,2335,2700,6260,6950,406,3200,4280,2900
"① 재생에너지","바이오",바이오가스,사업용,48726,6865,2116,-,6900,20,-,-,-,12774,1690,1245,2720,5952,759,1050,3446,3189,48506,6865,2116,-,4300,-,-,-,-,12969,1690,1740,4430,5952,759,1050,3446,3189,52386,6865,3516,-,4300,-,-,-,-,13464,2535,1740,4430,6950,946,1050,3401,3189,52194,6865,3516,-,4300,-,-,-,-,13963,2535,1740,4770,6950,306,1050,3010,3189,54455,6865,3516,-,4300,20,-,-,-,14213,2335,1860,5860,6950,306,1050,4280,2900
"① 재생에너지","바이오",바이오가스,자가용,11670,3620,-,3110,-,-,-,-,-,3330,-,200,200,60,100,600,450,-,12439,3620,-,3110,-,-,-,-,-,3430,-,550,400,60,219,600,450,-,9146,2000,-,1610,-,-,-,-,-,3430,-,840,400,60,406,400,-,-,9396,2000,-,1410,-,-,-,-,-,3430,-,840,400,60,406,400,450,-,11361,2000,600,1210,-,-,-,-,-,4061,-,840,400,-,100,2150,-,-
"① 재생에너지","바이오",매립지가스,계,69378,-,4232,-,50000,2120,99,-,-,-,980,895,-,1498,4279,2450,1825,1000,67820,-,3174,-,50000,2120,99,-,-,-,980,895,-,1498,3979,2450,1625,1000,67427,-,3174,-,50000,2120,99,-,-,-,980,800,-,1498,3681,2450,1625,1000,66309,-,3174,-,50000,2120,99,-,-,-,980,800,-,1498,2563,2450,1625,1000,66309,-,3174,-,50000,2120,99,-,-,-,980,800,-,1498,2563,2450,1625,1000
"① 재생에너지","바이오",매립지가스,사업용,69378,-,4232,-,50000,2120,99,-,-,-,980,895,-,1498,4279,2450,1825,1000,67820,-,3174,-,50000,2120,99,-,-,-,980,895,-,1498,3979,2450,1625,1000,67427,-,3174,-,50000,2120,99,-,-,-,980,800,-,1498,3681,2450,1625,1000,66309,-,3174,-,50000,2120,99,-,-,-,980,800,-,1498,2563,2450,1625,1000,66309,-,3174,-,50000,2120,99,-,-,-,980,800,-,1498,2563,2450,1625,1000
"① 재생에너지","바이오",매립지가스,자가용,-,-,-,-,-,-,-,-,-,-,-,-,-,-,-,-,-,-,-,-,-,-,-,-,-,-,-,-,-,-,-,-,-,-,-,-,-,-,-,-,-,-,-,-,-,-,-,-,-,-,-,-,-,-,-,-,-,-,-,-,-,-,-,-,-,-,-,-,-,-,-,-,-,-,-,-,-,-,-,-,-,-,-,-,-,-,-,-,-,-
"① 재생에너지","바이오",우드칩,계,15450,-,-,4500,8000,-,-,-,-,-,-,-,-,-,-,-,-,2950,21999,-,-,4500,8000,-,-,-,-,-,951,-,-,5000,598,-,-,2950,83669,-,-,4500,12600,-,-,-,-,4095,11675,-,40000,5000,3904,-,-,1896,126879,-,-,4500,12600,-,-,-,-,4151,60000,-,24900,13037,7691,-,-,-,77314.2990801476,-,-,4500,12600,-,-,-,-,-,-,-,38900,9136.8190801476,12177.48,-,-,-
"① 재생에너지","바이오",우드칩,사업용,15450,-,-,4500,8000,-,-,-,-,-,-,-,-,-,-,-,-,2950,21999,-,-,4500,8000,-,-,-,-,-,951,-,-,5000,598,-,-,2950,43669,-,-,4500,12600,-,-,-,-,4095,11675,-,-,5000,3904,-,-,1896,101979,-,-,4500,12600,-,-,-,-,4151,60000,-,-,13037,7691,-,-,-,77314.2990801476,-,-,4500,12600,-,-,-,-,-,-,-,38900,9136.8190801476,12177.48,-,-,-
"① 재생에너지","바이오",우드칩,자가용,-,-,-,-,-,-,-,-,-,-,-,-,-,-,-,-,-,-,-,-,-,-,-,-,-,-,-,-,-,-,-,-,-,-,-,-,40000,-,-,-,-,-,-,-,-,-,-,-,40000,-,-,-,-,-,24900,-,-,-,-,-,-,-,-,-,-,-,24900,-,-,-,-,-,-,-,-,-,-,-,-,-,-,-,-,-,-,-,-,-,-,-
"① 재생에너지","바이오",목재펠릿,계,1383881,-,-,-,167000,-,-,-,-,-,237200,-,313554,385846,16389,179,263713,-,1343074,-,-,-,167000,-,-,-,-,-,237200,-,307702,388251,14921,-,228000,-,1512934,-,-,-,167000,-,-,-,-,-,427200,-,335053,383681,-,-,200000,-,1643778,-,-,-,167000,-,-,-,-,-,427200,-,315762,533816,-,-,200000,-,2075903.180919852,-,-,-,167000,-,-,-,-,-,430200,-,547499.9999999999,546373.1809198523,16430,-,368400,-
"① 재생에너지","바이오",목재펠릿,사업용,1383881,-,-,-,167000,-,-,-,-,-,237200,-,313554,385846,16389,179,263713,-,1343074,-,-,-,167000,-,-,-,-,-,237200,-,307702,388251,14921,-,228000,-,1512934,-,-,-,167000,-,-,-,-,-,427200,-,335053,383681,-,-,200000,-,1643778,-,-,-,167000,-,-,-,-,-,427200,-,315762,533816,-,-,200000,-,2075903.180919852,-,-,-,167000,-,-,-,-,-,430200,-,547499.9999999999,546373.1809198523,16430,-,368400,-
"① 재생에너지","바이오",목재펠릿,자가용,-,-,-,-,-,-,-,-,-,-,-,-,-,-,-,-,-,-,-,-,-,-,-,-,-,-,-,-,-,-,-,-,-,-,-,-,-,-,-,-,-,-,-,-,-,-,-,-,-,-,-,-,-,-,-,-,-,-,-,-,-,-,-,-,-,-,-,-,-,-,-,-,-,-,-,-,-,-,-,-,-,-,-,-,-,-,-,-,-,-
"① 재생에너지","바이오",폐목재,계,-,-,-,-,-,-,-,-,-,-,-,-,-,-,-,-,-,-,-,-,-,-,-,-,-,-,-,-,-,-,-,-,-,-,-,-,-,-,-,-,-,-,-,-,-,-,-,-,-,-,-,-,-,-,-,-,-,-,-,-,-,-,-,-,-,-,-,-,-,-,-,-,-,-,-,-,-,-,-,-,-,-,-,-,-,-,-,-,-,-
"① 재생에너지","바이오",폐목재,사업용,-,-,-,-,-,-,-,-,-,-,-,-,-,-,-,-,-,-,-,-,-,-,-,-,-,-,-,-,-,-,-,-,-,-,-,-,-,-,-,-,-,-,-,-,-,-,-,-,-,-,-,-,-,-,-,-,-,-,-,-,-,-,-,-,-,-,-,-,-,-,-,-,-,-,-,-,-,-,-,-,-,-,-,-,-,-,-,-,-,-
"① 재생에너지","바이오",폐목재,자가용,-,-,-,-,-,-,-,-,-,-,-,-,-,-,-,-,-,-,-,-,-,-,-,-,-,-,-,-,-,-,-,-,-,-,-,-,-,-,-,-,-,-,-,-,-,-,-,-,-,-,-,-,-,-,-,-,-,-,-,-,-,-,-,-,-,-,-,-,-,-,-,-,-,-,-,-,-,-,-,-,-,-,-,-,-,-,-,-,-,-
"① 재생에너지","바이오",흑액,계,36430,-,-,-,-,-,-,36430,-,-,-,-,-,-,-,-,-,-,36430,-,-,-,-,-,-,36430,-,-,-,-,-,-,-,-,-,-,36430,-,-,-,-,-,-,36430,-,-,-,-,-,-,-,-,-,-,36430,-,-,-,-,-,-,36430,-,-,-,-,-,-,-,-,-,-,36430,-,-,-,-,-,-,36430,-,-,-,-,-,-,-,-,-,-
"① 재생에너지","바이오",흑액,자가용,36430,-,-,-,-,-,-,36430,-,-,-,-,-,-,-,-,-,-,36430,-,-,-,-,-,-,36430,-,-,-,-,-,-,-,-,-,-,36430,-,-,-,-,-,-,36430,-,-,-,-,-,-,-,-,-,-,36430,-,-,-,-,-,-,36430,-,-,-,-,-,-,-,-,-,-,36430,-,-,-,-,-,-,36430,-,-,-,-,-,-,-,-,-,-
"① 재생에너지","바이오",하수슬러지고형연료,계,182041,-,-,-,-,-,-,-,-,-,-,-,131446,-,-,2771,47824,-,140248,-,-,-,-,-,-,-,-,-,-,-,137298,-,-,2950,-,-,249604,-,-,-,-,-,-,-,-,-,-,-,190654,-,-,2950,56000,-,338996,-,-,-,-,-,-,-,-,-,-,-,280046,-,-,2950,56000,-,52950,-,-,-,-,-,-,-,-,-,-,-,50000,-,-,2950,-,-
"① 재생에너지","바이오",하수슬러지고형연료,사업용,182041,-,-,-,-,-,-,-,-,-,-,-,131446,-,-,2771,47824,-,140248,-,-,-,-,-,-,-,-,-,-,-,137298,-,-,2950,-,-,249604,-,-,-,-,-,-,-,-,-,-,-,190654,-,-,2950,56000,-,338996,-,-,-,-,-,-,-,-,-,-,-,280046,-,-,2950,56000,-,52950,-,-,-,-,-,-,-,-,-,-,-,50000,-,-,2950,-,-
"① 재생에너지","바이오",Bio-SRF,계,338345,-,-,-,3360,-,-,-,5000,45940,90000,-,138900,54641,41,-,463,-,450369,-,-,-,11330,-,-,-,5000,62930,89049,-,138900,57114,2046,-,84000,-,563890,-,-,-,11330,-,-,-,5000,58635,78325,-,263193,61684,18767,-,65900,1054,424651,-,-,-,11330,-,-,-,5000,58579,30000,-,167991,63512,19388,-,65900,2950,369383.92,-,-,-,11330,-,-,-,5000,62730,90000,-,127400,54855,5218.92,-,9900,2950
"① 재생에너지","바이오",Bio-SRF,사업용,338345,-,-,-,3360,-,-,-,5000,45940,90000,-,138900,54641,41,-,463,-,450369,-,-,-,11330,-,-,-,5000,62930,89049,-,138900,57114,2046,-,84000,-,563890,-,-,-,11330,-,-,-,5000,58635,78325,-,263193,61684,18767,-,65900,1054,424651,-,-,-,11330,-,-,-,5000,58579,30000,-,167991,63512,19388,-,65900,2950,344483.92,-,-,-,11330,-,-,-,5000,62730,90000,-,102500,54855,5218.92,-,9900,2950
"① 재생에너지","바이오",Bio-SRF,자가용,-,-,-,-,-,-,-,-,-,-,-,-,-,-,-,-,-,-,-,-,-,-,-,-,-,-,-,-,-,-,-,-,-,-,-,-,-,-,-,-,-,-,-,-,-,-,-,-,-,-,-,-,-,-,-,-,-,-,-,-,-,-,-,-,-,-,-,-,-,-,-,-,24900,-,-,-,-,-,-,-,-,-,-,-,24900,-,-,-,-,-
"① 재생에너지","바이오",바이오중유,계,979350,-,-,4350,-,-,-,585000,-,140000,-,-,-,-,-,-,-,250000,1020350,-,-,4350,-,-,-,526000,-,140000,-,-,-,-,-,-,-,350000,950350,-,-,4350,-,-,-,526000,-,70000,-,-,-,-,-,-,-,350000,880350,-,-,4350,-,-,-,526000,-,-,-,-,-,-,-,-,-,350000,920350,-,-,4350,-,-,-,526000,-,-,-,-,-,-,-,-,-,390000
"① 재생에너지","바이오",바이오중유,사업용,979350,-,-,4350,-,-,-,585000,-,140000,-,-,-,-,-,-,-,250000,1020350,-,-,4350,-,-,-,526000,-,140000,-,-,-,-,-,-,-,350000,950350,-,-,4350,-,-,-,526000,-,70000,-,-,-,-,-,-,-,350000,880350,-,-,4350,-,-,-,526000,-,-,-,-,-,-,-,-,-,350000,920350,-,-,4350,-,-,-,526000,-,-,-,-,-,-,-,-,-,390000
"① 재생에너지","폐기물",소계,계,3813059,25650,39700,5000,38710,1260,4000,67190,3250,49712,14308,30964,873830,16733,1447310,1180555,13423,1464,3888166,25650,39700,5000,36910,1260,4000,67190,3250,69592,14558,28717,877210,12185,1460672,1227385,13423,1464,422064,35150,39700,14900,38710,4360,4000,7000,3250,75093,14458,22100,9710,16585,60766,42195,13423,20664,507374,35150,40195,14900,39810,4360,8800,7000,3250,73393,14258,23603,9710,16585,140218,42195,13283,20664,473322.1562118049,35150,40195,14900,5880,4360,8800,9200,3370,73393,14008,22753.5562118049,14572,16585,133124.6,42035,14464,20532
"① 재생에너지","폐기물",소계,사업용,1800956,18450,33900,-,36910,1260,-,5500,3250,19324,13390,26092,806330,11733,537064,283730,4023,-,1321683,18450,33900,-,36910,1260,-,5500,3250,39204,13390,23845,809280,7185,288426,37060,4023,-,338193,27950,33900,9900,36910,4360,-,5500,3250,43705,13390,17360,9280,11585,60420,37060,4423,19200,333288,27950,33900,9900,36910,4360,-,5500,3250,42005,13390,18863,9280,11585,55852,37060,4283,19200,407221.1562118049,27950,34395,9900,4780,4360,-,5500,3250,58155,13888,20455.5562118049,9560,16585,133124.6,38935,7183,19200
"① 재생에너지","폐기물",소계,자가용,2012103,7200,5800,5000,1800,-,4000,61690,-,30388,918,4872,67500,5000,910246,896825,9400,1464,2566483,7200,5800,5000,-,-,4000,61690,-,30388,1168,4872,67930,5000,1172246,1190325,9400,1464,83871,7200,5800,5000,1800,-,4000,1500,-,31388,1068,4740,430,5000,346,5135,9000,1464,174086,7200,6295,5000,2900,-,8800,1500,-,31388,868,4740,430,5000,84366,5135,9000,1464,66101,7200,5800,5000,1100,-,8800,3700,120,15238,120,2298,5012,-,-,3100,7281,1332
"① 재생에너지","폐기물",폐가스,계,3475180,-,-,-,-,-,-,57990,-,-,-,-,867500,-,1394800,1154890,-,-,3505480,-,-,-,-,-,-,57990,-,-,-,-,867500,-,1394800,1185190,-,-,-,-,-,-,-,-,-,-,-,-,-,-,-,-,-,-,-,-,-,-,-,-,-,-,-,-,-,-,-,-,-,-,-,-,-,-,-,-,-,-,-,-,-,-,-,-,-,-,-,-,-,-,-,-
"① 재생에너지","폐기물",폐가스,사업용,1548100,-,-,-,-,-,-,-,-,-,-,-,800000,-,484900,263200,-,-,1022900,-,-,-,-,-,-,-,-,-,-,-,800000,-,222900,-,-,-,-,-,-,-,-,-,-,-,-,-,-,-,-,-,-,-,-,-,-,-,-,-,-,-,-,-,-,-,-,-,-,-,-,-,-,-,-,-,-,-,-,-,-,-,-,-,-,-,-,-,-,-,-,-
"① 재생에너지","폐기물",폐가스,자가용,1927080,-,-,-,-,-,-,57990,-,-,-,-,67500,-,909900,891690,-,-,2482580,-,-,-,-,-,-,57990,-,-,-,-,67500,-,1171900,1185190,-,-,-,-,-,-,-,-,-,-,-,-,-,-,-,-,-,-,-,-,-,-,-,-,-,-,-,-,-,-,-,-,-,-,-,-,-,-,-,-,-,-,-,-,-,-,-,-,-,-,-,-,-,-,-,-
"① 재생에너지","폐기물",산업폐기물,계,62200,-,-,-,17157,1260,-,2200,800,8443,-,20560,2900,2150,1180,2800,2750,-,100197,-,-,-,36910,1260,-,2200,800,25373,-,16324,5850,2150,1180,5400,2750,-,109608,-,-,-,36910,4360,-,-,2428,30783,-,16446,5850,3500,1180,5400,2750,-,199435,-,-,-,38010,4360,4800,-,2502,29083,-,17949,5850,3531,85040,5560,2750,-,168041.9872408429,-,-,-,4080,4360,4800,2200,3002.4320481404,29083,-,13941.5562118049,9850,3534.9989808976,85040,5400,2750,-
"① 재생에너지","폐기물",산업폐기물,사업용,56186,-,-,-,17157,1260,-,-,800,5515,-,19674,2900,2150,1180,2800,2750,-,94183,-,-,-,36910,1260,-,-,800,22445,-,15438,5850,2150,1180,5400,2750,-,105794,-,-,-,36910,4360,-,-,2428,27855,-,15560,5850,3500,1180,5400,2750,-,105701,-,-,-,36910,4360,-,-,2502,26155,-,17063,5850,3531,1020,5560,2750,-,152127.9872408429,-,-,-,2980,4360,-,-,3002.4320481404,26155,-,13055.5562118049,5850,3534.9989808976,85040,5400,2750,-
"① 재생에너지","폐기물",산업폐기물,자가용,6014,-,-,-,-,-,-,2200,-,2928,-,886,-,-,-,-,-,-,6014,-,-,-,-,-,-,2200,-,2928,-,886,-,-,-,-,-,-,3814,-,-,-,-,-,-,-,-,2928,-,886,-,-,-,-,-,-,93734,-,-,-,1100,-,4800,-,-,2928,-,886,-,-,84020,-,-,-,15914,-,-,-,1100,-,4800,2200,-,2928,-,886,4000,-,-,-,-,-
"① 재생에너지","폐기물",생활폐기물,계,108142,25650,5800,2000,1800,-,-,1500,-,33360,4308,3986,440,6600,346,10215,10673,1464,120952,25650,5800,2000,-,-,-,1500,-,33360,4558,3986,870,6600,346,24145,10673,1464,173520,35150,5800,11900,1800,-,-,1500,-,41360,4458,3854,870,11000,346,24145,10673,20664,173020,35150,5800,11900,1800,-,-,1500,-,41360,4258,3854,870,11000,346,23985,10533,20664,167813,35150,5800,5000,1800,-,-,1500,120,41360,4008,4112,1732,11000,-,23985,11714,20532
"① 재생에너지","폐기물",생활폐기물,사업용,36133,18450,-,-,-,-,-,-,-,5900,3390,-,440,1600,-,5080,1273,-,50063,18450,-,-,-,-,-,-,-,5900,3390,-,440,1600,-,19010,1273,-,100463,27950,-,9900,-,-,-,-,-,12900,3390,-,440,6000,-,19010,1673,19200,100163,27950,-,9900,-,-,-,-,-,12900,3390,-,440,6000,-,18850,1533,19200,121626,27950,-,-,1800,-,-,-,-,29050,3888,2700,720,11000,-,20885,4433,19200
"① 재생에너지","폐기물",생활폐기물,자가용,72009,7200,5800,2000,1800,-,-,1500,-,27460,918,3986,-,5000,346,5135,9400,1464,70889,7200,5800,2000,-,-,-,1500,-,27460,1168,3986,430,5000,346,5135,9400,1464,73057,7200,5800,2000,1800,-,-,1500,-,28460,1068,3854,430,5000,346,5135,9000,1464,72857,7200,5800,2000,1800,-,-,1500,-,28460,868,3854,430,5000,346,5135,9000,1464,46187,7200,5800,5000,-,-,-,1500,120,12310,120,1412,1012,-,-,3100,7281,1332
"① 재생에너지","폐기물",SRF,계,135257,-,33900,3000,-,-,4000,5500,2450,-,10000,1800,2990,7983,50984,12650,-,-,147021,-,33900,3000,-,-,4000,5500,2450,2950,10000,1800,2990,3435,64346,12650,-,-,138936,-,33900,3000,-,-,4000,5500,822,2950,10000,1800,2990,2085,59240,12650,-,-,134919,-,34395,3000,-,-,4000,5500,748,2950,10000,1800,2990,2054,54832,12650,-,-,137467.168970962,-,34395,9900,-,-,4000,5500,247.5679518596,2950,10000,4700,2990,2050.0010191024,48084.6,12650,-,-
"① 재생에너지","폐기물",SRF,사업용,128257,-,33900,-,-,-,-,5500,2450,-,10000,1800,2990,7983,50984,12650,-,-,140021,-,33900,-,-,-,-,5500,2450,2950,10000,1800,2990,3435,64346,12650,-,-,131936,-,33900,-,-,-,-,5500,822,2950,10000,1800,2990,2085,59240,12650,-,-,127424,-,33900,-,-,-,-,5500,748,2950,10000,1800,2990,2054,54832,12650,-,-,133467.168970962,-,34395,9900,-,-,-,5500,247.5679518596,2950,10000,4700,2990,2050.0010191024,48084.6,12650,-,-
"① 재생에너지","폐기물",SRF,자가용,7000,-,-,3000,-,-,4000,-,-,-,-,-,-,-,-,-,-,-,7000,-,-,3000,-,-,4000,-,-,-,-,-,-,-,-,-,-,-,7000,-,-,3000,-,-,4000,-,-,-,-,-,-,-,-,-,-,-,7495,-,495,3000,-,-,4000,-,-,-,-,-,-,-,-,-,-,-,4000,-,-,-,-,-,4000,-,-,-,-,-,-,-,-,-,-,-
"① 재생에너지","폐기물",시멘트킬른 보조연료,계,-,-,-,-,-,-,-,-,-,-,-,-,-,-,-,-,-,-,-,-,-,-,-,-,-,-,-,-,-,-,-,-,-,-,-,-,-,-,-,-,-,-,-,-,-,-,-,-,-,-,-,-,-,-,-,-,-,-,-,-,-,-,-,-,-,-,-,-,-,-,-,-,-,-,-,-,-,-,-,-,-,-,-,-,-,-,-,-,-,-
"① 재생에너지","폐기물",시멘트킬른 보조연료,자가용,-,-,-,-,-,-,-,-,-,-,-,-,-,-,-,-,-,-,-,-,-,-,-,-,-,-,-,-,-,-,-,-,-,-,-,-,-,-,-,-,-,-,-,-,-,-,-,-,-,-,-,-,-,-,-,-,-,-,-,-,-,-,-,-,-,-,-,-,-,-,-,-,-,-,-,-,-,-,-,-,-,-,-,-,-,-,-,-,-,-
"① 재생에너지","폐기물",정제연료유,계,32280,-,-,-,19753,-,-,-,-,7909,-,4618,-,-,-,-,-,-,14516,-,-,-,-,-,-,-,-,7909,-,6607,-,-,-,-,-,-,-,-,-,-,-,-,-,-,-,-,-,-,-,-,-,-,-,-,-,-,-,-,-,-,-,-,-,-,-,-,-,-,-,-,-,-,-,-,-,-,-,-,-,-,-,-,-,-,-,-,-,-,-,-
"① 재생에너지","폐기물",정제연료유,사업용,32280,-,-,-,19753,-,-,-,-,7909,-,4618,-,-,-,-,-,-,14516,-,-,-,-,-,-,-,-,7909,-,6607,-,-,-,-,-,-,-,-,-,-,-,-,-,-,-,-,-,-,-,-,-,-,-,-,-,-,-,-,-,-,-,-,-,-,-,-,-,-,-,-,-,-,-,-,-,-,-,-,-,-,-,-,-,-,-,-,-,-,-,-
"② 신에너지","연료전지",소계,계,347870,42850,37728,11843,56816,421,72,3577,5,148806,125,53,11309,5330,25490,3253,192,-,472644,42844,37735,11846,95562,412,4592,3568,11,173332,121,83,66824,5645,25508,4145,417,-,615031,68857,37824,1586,153742,602,4728,10296,5291,201460,15156,112,64214,6253,35388,6546,2917,60,793708,69001,47786,1905,214333,1030,11072,30896,5291,231380,30226,19947,64244,6253,50440,6658,3187,60,891860,69748,42197,1985,228070.75,21778,11114,28116,5291,263670.75,34437,39767,64354,21418,50499.5,4307,5047,60
"② 신에너지","연료전지",소계,사업용,343691,42000,37600,11497,56640,-,-,3240,-,148010,96,-,11180,5325,25400,2598,105,-,464356,42000,37600,11497,95360,-,900,3240,-,172210,96,-,66620,5640,25400,3478,315,-,604814,67800,37600,1197,153440,-,900,9938,5280,199910,15096,-,63920,6060,35080,5878,2715,-,781804,67800,47280,1407,213720,315,7165,30678,5280,229610,30096,19800,63920,6060,50080,5878,2715,-,878549,68400,41680,1407,227265,21035,7165,27878,5280,261490,34296,39600,63920,21060,50080,3478,4515,-
"② 신에너지","연료전지",소계,자가용,4179,850,128,346,176,421,72,337,5,796,29,53,129,5,90,655,87,-,8288,844,135,349,202,412,3692,328,11,1122,25,83,204,5,108,667,102,-,10217,1057,224,389,302,602,3828,358,11,1550,60,112,294,193,308,668,202,60,11904,1201,506,498,613,715,3907,218,11,1770,130,147,324,193,360,780,472,60,13311,1348,517,578,805.75,743,3949,238,11,2180.75,141,167,434,358,419.5,829,532,60
"② 신에너지","IGCC",소계,계,346330,-,-,-,-,-,-,-,-,-,-,-,346330,-,-,-,-,-,346330,-,-,-,-,-,-,-,-,-,-,-,346330,-,-,-,-,-,346330,-,-,-,-,-,-,-,-,-,-,-,346330,-,-,-,-,-,346330,-,-,-,-,-,-,-,-,-,-,-,346330,-,-,-,-,-,346330,-,-,-,-,-,-,-,-,-,-,-,346330,-,-,-,-,-
"② 신에너지","IGCC",소계,사업용,346330,-,-,-,-,-,-,-,-,-,-,-,346330,-,-,-,-,-,346330,-,-,-,-,-,-,-,-,-,-,-,346330,-,-,-,-,-,346330,-,-,-,-,-,-,-,-,-,-,-,346330,-,-,-,-,-,346330,-,-,-,-,-,-,-,-,-,-,-,346330,-,-,-,-,-,346330,-,-,-,-,-,-,-,-,-,-,-,346330,-,-,-,-,-
