생성년도,생성월,생성일,생성시분초,IP주소,URL
2019,05,23,120000,51.*.16.36,-
2019,05,23,025000,50.*.202.39,-
2019,05,23,223700,110.*.111.190,-
2019,05,23,120000,202.*.239.17,-
2019,05,23,035100,34.*.102.38,-
2019,05,23,120000,192.*.78.25,-
2019,05,23,031000,103.*.72.54,-
2019,05,23,223700,104.*.110.190,-
2019,05,23,120000,185.*.61.161,-
2019,05,23,035100,18.*.215.84,-
2019,05,23,120000,217.*.184.38,-
2019,05,23,024300,50.*.202.39,-
2019,05,23,025000,199.*.21.121,-
2019,05,23,035100,52.*.79.229,-
2019,05,23,120000,23.*.239.12,-
2019,05,23,024300,199.*.21.121,-
2019,05,23,023700,50.*.202.39,-
2019,05,23,120000,144.*.217.54,-
2019,05,23,035100,52.*.161.133,-
2019,05,23,120000,192.*.78.25,-
2019,05,23,120000,173.*.82.180,-
2019,05,23,031000,109.*.192.87,-
2019,05,23,031000,198.*.31.58,-
2019,05,23,120000,37.*.121.111,-
2019,05,23,120000,210.*.99.141,-
2019,05,23,120000,91.*.240.94,-
2019,05,23,120000,91.*.75.115,-
2019,05,23,120000,213.*.195.105,-
2019,05,23,035100,52.*.139.131,-
2019,05,23,120000,206.*.192.235,-
2019,05,23,120000,184.*.131.241,-
2019,05,23,035100,175.*.163.169,-
2019,05,22,051800,86.*.200.105,-
2019,05,22,051800,62.*.241.11,-
2019,05,22,050600,188.*.189.159,-
2019,05,22,051800,197.*.225.249,-
2019,05,22,050600,62.*.70.146,-
2019,05,22,130500,52.*.7.30,-
2019,05,22,050600,86.*.200.105,-
2019,05,22,051800,190.*.73.248,-
2019,05,22,130500,47.*.91.36,-
2019,05,22,135700,175.*.163.170,-
2019,05,22,140900,175.*.163.169,-
2019,05,22,051800,213.*.242.16,-
2019,05,22,050600,78.*.243.124,-
2019,05,22,130500,194.*.248.52,-
2019,05,22,051800,31.*.167.149,-
2019,05,22,051800,78.*.243.124,-
2019,05,22,130500,85.*.150.160,-
2019,05,22,130500,108.*.172.183,-
2019,05,22,130500,185.*.190.105,-
2019,05,22,053300,104.*.115.34,-
2019,05,22,050600,109.*.208.203,-
2019,05,22,130500,198.*.23.144,-
2019,05,22,130500,79.*.225.9,-
2019,05,22,050600,151.*.80.80,-
2019,05,22,050600,37.*.33.242,-
2019,05,22,130500,157.*.107.172,-
2019,05,22,051800,181.*.254.21,-
2019,05,22,050600,89.*.19.26,-
2019,05,22,051800,86.*.230.109,-
2019,05,22,130500,185.*.61.161,-
2019,05,22,050600,86.*.75.99,-
2019,05,22,051800,89.*.207.5,-
2019,05,22,051800,213.*.130.75,-
2019,05,22,130500,185.*.113.100,-
2019,05,22,130500,78.*.206.117,-
2019,05,22,050600,181.*.254.21,-
2019,05,22,130500,54.*.31.145,-
2019,05,22,050600,190.*.226.15,-
2019,05,22,051800,84.*.187.24,-
2019,05,22,130500,68.*.121.96,-
2019,05,22,135700,175.*.163.169,-
2019,05,22,051800,91.*.175.46,-
2019,05,22,130500,199.*.20.30,-
2019,05,22,050600,89.*.74.198,-
2019,05,22,050600,66.*.168.248,-
2019,05,22,053300,104.*.114.34,-
2019,05,22,130500,178.*.21.77,-
2019,05,22,051800,37.*.33.242,-
2019,05,22,051800,203.*.116.53,-
2019,05,22,051800,62.*.70.146,-
2019,05,22,050600,78.*.46.135,-
2019,05,22,130500,198.*.13.94,-
2019,05,22,130500,160.*.163.243,-
2019,05,22,130500,183.*.253.18,-
2019,05,22,050600,31.*.167.149,-
2019,05,22,050600,37.*.176.90,-
2019,05,22,130500,139.*.3.83,-
2019,05,22,050600,195.*.41.2,-
2019,05,22,130500,185.*.31.119,-
2019,05,22,051800,79.*.208.102,-
2019,05,22,050600,186.*.135.97,-
2019,05,22,140900,175.*.163.169,-
2019,05,22,051800,151.*.23.210,-
2019,05,22,130500,37.*.207.221,-
2019,05,22,051800,5.*.53.236,-
2019,05,22,053300,104.*.115.34,-
2019,05,22,130500,185.*.16.133,-
2019,05,22,050600,37.*.176.37,-
2019,05,22,053300,104.*.114.34,-
2019,05,22,130500,208.*.234.234,-
2019,05,22,130500,31.*.10.85,-
2019,05,22,130500,185.*.189.86,-
2019,05,22,050600,95.*.162.200,-
2019,05,22,130500,104.*.87.76,-
2019,05,22,130500,23.*.239.12,-
2019,07,10,114000,103.*.117.159,-
2019,07,10,112500,95.*.72.94,-
2019,07,10,003600,5.*.133.137,-
2019,07,10,114000,209.*.212.204,-
2019,07,10,054600,109.*.147.146,-
2019,07,10,112500,104.*.17.74,-
2019,07,10,114000,190.*.137.85,-
2019,07,10,114000,198.*.62.118,-
2019,07,10,114000,23.*.126.58,-
2019,07,10,182100,134.*.118.97,-
2019,07,10,114000,103.*.72.62,-
2019,07,10,064800,188.*.209.183,hxxp://versuvius.ru/phazzy/Panel/fre.php
2019,07,10,112500,195.*.29.161,-
2019,07,10,003800,185.*.228.195,-
2019,07,10,114000,37.*.225.62,-
2019,07,10,112500,148.*.235.217,-
2019,07,10,112500,104.*.26.170,-
2019,07,10,112500,94.*.87.17,-
2019,07,10,112500,89.*.129.56,-
2019,07,10,112500,185.*.136.222,-
2019,07,10,114300,217.*.195.223,-
2019,07,10,054600,14.*.57.161,-
2019,07,10,112500,185.*.136.222,-
2019,07,10,114000,213.*.129.200,-
2019,07,10,112500,62.*.233.7,-
2019,07,10,114000,188.*.209.183,-
2019,07,10,112500,164.*.235.17,-
2019,07,10,112500,92.*.234.4,-
2019,07,10,144500,37.*.230.231,hxxp://37.49.230.231/285217/logs/fre.php
2019,07,10,114000,107.*.92.184,-
2019,07,10,114000,46.*.215.225,-
2019,07,10,112500,35.*.122.102,-
2019,07,10,114000,199.*.204.56,-
2019,07,10,112500,192.*.78.12,-
2019,07,10,112500,148.*.235.217,-
2019,07,10,112500,192.*.78.13,-
2019,07,10,112500,178.*.83.248,-
2019,07,10,114000,79.*.23.90,-
2019,07,10,112500,104.*.84.171,-
2019,07,10,114300,198.*.117.212,-
2019,07,10,114000,184.*.221.60,-
2019,07,10,114000,184.*.131.241,-
2019,07,10,112500,104.*.18.74,-
2019,07,10,112500,104.*.27.170,-
2019,07,10,114000,23.*.239.12,-
2019,07,10,082900,5.*.88.176,hxxp://5.8.88.176/es2cdNybX27IOKuk.conf.php