Year,Month,Date,Time,IP,URL
2018,12,20,174500,125.*.198.20,-
2018,12,20,122002,118.*.225.210,-
2018,12,20,121000,121.*.61.88,-
2018,12,20,124501,27.*.118.60,-
2018,12,20,134501,125.*.112.90,-
2018,12,20,184502,110.*.129.170,-
2018,12,20,182500,125.*.251.45,-
2018,12,20,214000,210.*.58.10,-
2018,12,20,182502,14.*.178.68,-
2018,12,20,141001,218.*.6.68,-
2018,12,20,200001,218.*.111.175,-
2018,12,20,205004,211.*.1.105,-
2018,12,20,201003,110.*.129.170,-
2018,12,20,191002,210.*.58.10,-
2018,12,20,201501,27.*.70.74,-
2018,12,20,224502,116.*.132.186,-
2018,12,20,161000,183.*.79.62,-
2018,12,20,145500,125.*.198.20,-
2018,12,20,182502,222.*.50.209,-
2018,12,20,191501,27.*.113.108,-
2018,12,20,195001,27.*.70.74,-
2018,12,20,174003,121.*.177.250,-
2018,12,20,135501,121.*.159.21,-
2018,12,20,224002,114.*.136.14,-
2018,12,20,221501,218.*.202.97,-
2018,12,20,145500,27.*.114.33,-
2018,12,20,192001,27.*.70.74,-
2018,12,20,170000,121.*.61.15,-
2018,12,20,190001,220.*.111.168,-
2018,12,20,134500,211.*.25.21,-
2018,12,20,202001,211.*.215.218,-
2018,12,20,210002,110.*.131.107,-
2018,12,20,202503,115.*.226.124,-
2018,12,20,224000,58.*.57.15,-
2018,12,20,170500,59.*.212.94,-
2018,12,20,123000,211.*.241.198,-
2018,12,20,155000,222.*.63.182,-
2018,12,20,134502,27.*.118.60,-
2018,12,20,115503,116.*.53.112,-
2018,12,20,144003,222.*.197.5,-
2018,12,20,192002,211.*.84.20,-
2018,12,20,171000,211.*.1.152,-
2018,12,20,233501,211.*.79.93,-
2018,12,20,211003,121.*.203.60,-
2018,12,20,153501,114.*.35.158,-
2018,12,20,234501,61.*.92.8,-
2018,12,20,190500,112.*.249.122,-
2018,12,20,161002,183.*.101.213,-
2018,12,20,151002,1.*.67.66,-
2018,12,20,234001,27.*.106.213,-
2018,12,20,215001,14.*.202.109,-
2018,12,20,201501,222.*.50.237,-
2018,12,20,172002,211.*.32.1,-
2018,12,20,160501,110.*.128.6,-
2018,12,20,161001,211.*.133.8,-
2018,12,20,140002,114.*.50.3,-
2018,12,20,200501,27.*.112.98,-
2018,12,20,134501,106.*.17.244,-
2018,12,20,123002,211.*.1.161,-
2018,12,20,152502,211.*.241.184,-
2018,12,20,145501,211.*.1.158,-
2018,12,20,202501,183.*.8.161,-
2018,12,20,215500,125.*.196.39,-
2018,12,20,193500,121.*.160.231,-
2018,12,20,214502,116.*.132.186,-
2018,12,20,232001,106.*.137.2,-
2018,12,20,173502,211.*.94.2,-
2018,12,20,220001,61.*.169.138,-
2018,12,20,210002,110.*.131.107,-
2018,12,20,230002,211.*.231.130,-
2018,12,20,230502,112.*.233.252,-
2018,12,20,225501,27.*.75.75,-
2018,12,20,220501,119.*.209.9,-
2018,12,20,124502,180.*.62.156,-
2018,12,20,181500,121.*.203.60,-
2018,12,20,193001,211.*.32.1,-
2018,12,20,202502,175.*.104.49,-
2018,12,20,235501,221.*.0.210,-
2018,12,20,152501,125.*.251.45,-
2018,12,20,212501,119.*.209.9,-
2018,12,20,120002,116.*.138.78,-
2018,12,20,152500,110.*.129.170,-
2018,12,20,181001,52.*.77.133,-
2018,12,20,212501,119.*.209.9,-
2018,12,20,155500,1.*.21.123,-
2018,12,20,120502,210.*.23.41,-
2018,12,20,151001,1.*.67.66,-
2018,12,20,212500,222.*.91.18,-
2018,12,20,205502,125.*.251.45,-
2018,12,20,194000,114.*.136.13,-
2018,12,20,142502,114.*.50.3,-
2018,12,20,173002,103.*.181.181,-
2018,12,20,122501,116.*.42.142,-
2018,12,20,221001,116.*.132.186,-
2018,12,20,143000,211.*.1.3,-
2018,12,20,231002,116.*.132.186,-
2018,12,20,210002,110.*.131.107,-
2018,12,20,184503,203.*.251.129,-
2018,12,20,180501,211.*.1.107,-
